<application>
  <component name="FileTypeManager" version="17">
    <extensionMap>
      <mapping pattern="MindmeDockerfile" type="Dockerfile" />
      <mapping pattern="Dockerfile-wilfly" type="Dockerfile" />
      <mapping pattern="" type="Dockerfile" />
      <mapping pattern="*.js.flow" type="Flow" />
      <mapping pattern="*.js.flow" type="Flow" />
      <mapping pattern="States" type="PLAIN_TEXT" />
      <mapping pattern="Validators" type="PLAIN_TEXT" />
      <mapping pattern=".gitkeep" type="PLAIN_TEXT" />
      <mapping pattern="Activated" type="PLAIN_TEXT" />
      <mapping pattern="GenerateEmptyXmlSpecification" type="PLAIN_TEXT" />
      <mapping pattern="Dockerfile-CI" type="PLAIN_TEXT" />
      <mapping pattern="Dockerfile-tomcat" type="PLAIN_TEXT" />
      <mapping pattern="Dockerfile-new" type="PLAIN_TEXT" />
      <mapping pattern="README" type="PLAIN_TEXT" />
      <mapping pattern="Dockerfile-dev" type="PLAIN_TEXT" />
      <mapping ext="cnf" type="PLAIN_TEXT" />
      <mapping ext="2env" type="PLAIN_TEXT" />
    </extensionMap>
  </component>
</application>