<application>
  <component name="FeatureSuggesterSettings">
    <option name="workingDays">
      <list>
        <option value="1649922990220" />
        <option value="1650012552061" />
        <option value="1650362943395" />
        <option value="1650458781442" />
        <option value="1650539171360" />
        <option value="1650613283730" />
        <option value="1650879350356" />
        <option value="1650958272429" />
        <option value="1651049270759" />
        <option value="1651129899793" />
        <option value="1651220289392" />
        <option value="1651579072573" />
        <option value="1651655009004" />
        <option value="1651744330466" />
        <option value="1651824207687" />
        <option value="1652107229942" />
        <option value="1652170458581" />
        <option value="1652256026059" />
        <option value="1652346225337" />
        <option value="1652433520059" />
        <option value="1652702481901" />
        <option value="1652775259296" />
        <option value="1653047461227" />
        <option value="1653294179582" />
        <option value="1653346820437" />
        <option value="1653467719698" />
        <option value="1653553519538" />
        <option value="1653639066897" />
        <option value="1653898650655" />
        <option value="1653987450809" />
      </list>
    </option>
  </component>
</application>