<application>
  <component name="FileTypeManager" version="18">
    <extensionMap>
      <mapping pattern="ndcpr_host_logsconf" type="AUTO_DETECTED" />
      <mapping pattern="ndcpr_mysql_dbconf" type="AUTO_DETECTED" />
      <mapping pattern="ndcpr_jobs_logsconf" type="AUTO_DETECTED" />
      <mapping ext="pub" type="PLAIN_TEXT" />
      <mapping ext="cnf" type="PLAIN_TEXT" />
      <removed_mapping ext="apk" approved="true" type="ARCHIVE" />
      <removed_mapping ext="psd" approved="true" type="Image" />
      <removed_mapping pattern=".env.*" approved="true" type="Env File" />
    </extensionMap>
  </component>
</application>