<code_scheme name="Default (1)">
  <PHPCodeStyleSettings>
    <option name="ALIGN_KEY_VALUE_PAIRS" value="true" />
    <option name="ALIGN_ASSIGNMENTS" value="true" />
    <option name="COMMA_AFTER_LAST_ARRAY_ELEMENT" value="true" />
    <option name="BLANK_LINE_BEFORE_RETURN_STATEMENT" value="true" />
    <option name="FORCE_SHORT_DECLARATION_ARRAY_STYLE" value="true" />
  </PHPCodeStyleSettings>
  <codeStyleSettings language="PHP">
    <option name="SPECIAL_ELSE_IF_TREATMENT" value="true" />
    <option name="IF_BRACE_FORCE" value="3" />
    <option name="DOWHILE_BRACE_FORCE" value="3" />
    <option name="WHILE_BRACE_FORCE" value="3" />
    <option name="FOR_BRACE_FORCE" value="3" />
  </codeStyleSettings>
</code_scheme>