<keymap version="1" name="Default for XWin copy" parent="Default for XWin">
  <action id="CloseActiveTab">
    <keyboard-shortcut first-keystroke="ctrl w" />
  </action>
  <action id="CloseContent">
    <keyboard-shortcut first-keystroke="ctrl f4" />
    <keyboard-shortcut first-keystroke="ctrl w" />
  </action>
  <action id="CommentByLineComment">
    <keyboard-shortcut first-keystroke="ctrl slash" />
    <keyboard-shortcut first-keystroke="ctrl divide" />
    <keyboard-shortcut first-keystroke="shift ctrl c" />
  </action>
  <action id="CopyPaths" />
  <action id="Diff.FocusOppositePane" />
  <action id="Diff.FocusOppositePaneAndScroll" />
  <action id="EditorSelectWord" />
  <action id="FindInPath" />
  <action id="GotoTest" />
  <action id="Images.ShowThumbnails" />
  <action id="NextTab">
    <keyboard-shortcut first-keystroke="ctrl tab" />
  </action>
  <action id="PreviousTab">
    <keyboard-shortcut first-keystroke="shift ctrl tab" />
  </action>
  <action id="RemoteHostView.CopyPaths" />
  <action id="ReopenClosedTab">
    <keyboard-shortcut first-keystroke="shift ctrl t" />
  </action>
  <action id="SwitchApply">
    <keyboard-shortcut first-keystroke="shift alt enter" />
  </action>
  <action id="SwitchDown">
    <keyboard-shortcut first-keystroke="shift alt down" />
  </action>
  <action id="SwitchLeft">
    <keyboard-shortcut first-keystroke="shift alt left" />
  </action>
  <action id="SwitchRight">
    <keyboard-shortcut first-keystroke="shift alt right" />
  </action>
  <action id="SwitchUp">
    <keyboard-shortcut first-keystroke="shift alt up" />
  </action>
  <action id="Switcher" />
  <action id="format_code">
    <keyboard-shortcut first-keystroke="shift ctrl f" />
  </action>
</keymap>